step_index,time,dt,name,force_x,force_y,force_z,torque_x,torque_y,torque_z,application_x,application_y,application_z,metadata
0,0.0,0.016666666666666666,buoyancy:left_tube:0,5.9930358176080905,-6.45969029212904e-05,1060.7179664183618,-1007.6820680974437,1733.2131571275886,5.69348957806706,140.366,-0.95,0.29034775638392574,"{""area_m2"": 0.301, ""kind"": ""left_tube"", ""submerged_depth"": 0.3592289705571916}"
0,0.0,0.016666666666666666,buoyancy:right_tube:1,5.9930358176080905,6.45969029212904e-05,1060.7179664183618,1007.6820680974437,1733.2131571275886,-5.69348957806706,140.366,0.95,0.29034775638392574,"{""area_m2"": 0.301, ""kind"": ""right_tube"", ""submerged_depth"": 0.3592289705571916}"
0,0.0,0.016666666666666666,buoyancy:left_tube:2,5.894098094260579,-0.00013002466025282365,1042.072535413743,-989.9689086430558,537.7094282734822,5.599460282272241,141.484,-0.95,0.29034775638392574,"{""area_m2"": 0.301, ""kind"": ""left_tube"", ""submerged_depth"": 0.3529144117549027}"
0,0.0,0.016666666666666666,buoyancy:right_tube:3,5.894098094260579,0.00013002466025282365,1042.072535413743,989.9689086430558,537.7094282734822,-5.599460282272241,141.484,0.95,0.29034775638392574,"{""area_m2"": 0.301, ""kind"": ""right_tube"", ""submerged_depth"": 0.3529144117549027}"
0,0.0,0.016666666666666666,buoyancy:left_tube:4,5.794931044967433,-0.00019307043755482757,1023.4271056668068,-972.2557503834664,-616.1031176114217,5.505068264315653,142.602,-0.95,0.29034775638392574,"{""area_m2"": 0.301, ""kind"": ""left_tube"", ""submerged_depth"": 0.34659985295261364}"
0,0.0,0.016666666666666666,buoyancy:right_tube:5,5.794931044967433,0.00019307043755482757,1023.4271056668068,972.2557503834664,-616.1031176114217,-5.505068264315653,142.602,0.95,0.29034775638392574,"{""area_m2"": 0.301, ""kind"": ""right_tube"", ""submerged_depth"": 0.34659985295261364}"
0,0.0,0.016666666666666666,buoyancy:left_tube:6,5.695534669739909,-0.000253734234820159,1004.7816771796696,-954.542593320686,-1728.2244847490306,5.4103215133690234,143.72,-0.95,0.29034775638392574,"{""area_m2"": 0.301, ""kind"": ""left_tube"", ""submerged_depth"": 0.3402852941503248}"
0,0.0,0.016666666666666666,buoyancy:right_tube:7,5.695534669739909,0.000253734234820159,1004.7816771796696,954.542593320686,-1728.2244847490306,-5.4103215133690234,143.72,0.95,0.29034775638392574,"{""area_m2"": 0.301, ""kind"": ""right_tube"", ""submerged_depth"": 0.3402852941503248}"
0,0.0,0.016666666666666666,buoyancy:floor:8,10.02970866797969,-5.929653733799573e-05,1774.210214024018,-606.7799023278808,1905.7314049409301,3.4302241082266924,140.925,-0.34199999999999997,0.1363477563839257,"{""area_m2"": 0.354578, ""kind"": ""floor"", ""submerged_depth"": 0.5100716911560471}"
0,0.0,0.016666666666666666,buoyancy:floor:9,10.02970866797969,5.929653733799573e-05,1774.210214024018,606.7799023278808,1905.7314049409301,-3.4302241082266924,140.925,0.34199999999999997,0.1363477563839257,"{""area_m2"": 0.354578, ""kind"": ""floor"", ""submerged_depth"": 0.5100716911560471}"
0,0.0,0.016666666666666666,buoyancy:floor:10,9.92068525669593,-9.735304467413835e-05,1753.090660520822,-599.5570208904899,-1.5277855295311733,3.3928743577900073,142.0,-0.34199999999999997,0.1363477563839257,"{""area_m2"": 0.354578, ""kind"": ""floor"", ""submerged_depth"": 0.504}"
0,0.0,0.016666666666666666,buoyancy:floor:11,9.92068525669593,9.735304467413835e-05,1753.090660520822,599.5570208904899,-1.5277855295311733,-3.3928743577900073,142.0,0.34199999999999997,0.1363477563839257,"{""area_m2"": 0.354578, ""kind"": ""floor"", ""submerged_depth"": 0.504}"
0,0.0,0.016666666666666666,buoyancy:floor:12,9.811412080182448,-0.00013447561146527832,1731.97110836974,-592.3341397716952,-1863.379898957799,3.3553583701400718,143.075,-0.34199999999999997,0.1363477563839257,"{""area_m2"": 0.354578, ""kind"": ""floor"", ""submerged_depth"": 0.497928308843953}"
0,0.0,0.016666666666666666,buoyancy:floor:13,9.811412080182448,0.00013447561146527832,1731.97110836974,592.3341397716952,-1863.379898957799,-3.3553583701400718,143.075,0.34199999999999997,0.1363477563839257,"{""area_m2"": 0.354578, ""kind"": ""floor"", ""submerged_depth"": 0.497928308843953}"
0,0.0,0.016666666666666666,hydrodynamic:left_tube:0,137.98160965747667,13.073871164073067,0.0,-0.0,0.0,109.71982369250762,140.366,-0.95,0.29034775638392574,"{""depth"": 1.2337436593907685, ""kind"": ""left_tube"", ""relative_speed"": 0.5689211751603884}"
0,0.0,0.016666666666666666,hydrodynamic:right_tube:1,158.41299465316487,14.1124743052569,0.0,0.0,0.0,-173.5521279352962,140.366,0.95,0.29034775638392574,"{""depth"": 1.268742908162823, ""kind"": ""right_tube"", ""relative_speed"": 0.6202428051169802}"
0,0.0,0.016666666666666666,hydrodynamic:left_tube:2,141.7043984502467,10.397942614226158,0.0,-0.0,0.0,129.25384013879375,141.484,-0.95,0.29034775638392574,"{""depth"": 1.2336622035748483, ""kind"": ""left_tube"", ""relative_speed"": 0.5789803852124241}"
0,0.0,0.016666666666666666,hydrodynamic:right_tube:3,163.41901769142206,11.188404188387873,0.0,0.0,0.0,-161.021283368059,141.484,0.95,0.29034775638392574,"{""depth"": 1.2700504141358866, ""kind"": ""right_tube"", ""relative_speed"": 0.6328677141325663}"
0,0.0,0.016666666666666666,hydrodynamic:left_tube:4,145.49859887304717,7.679775687119642,0.0,-0.0,0.0,142.84689389304089,142.602,-0.95,0.29034775638392574,"{""depth"": 1.233580747758928, ""kind"": ""left_tube"", ""relative_speed"": 0.5893068536393095}"
0,0.0,0.016666666666666666,hydrodynamic:right_tube:5,168.52625999980063,8.205027617935315,0.0,0.0,0.0,-155.16052037381348,142.602,0.95,0.29034775638392574,"{""depth"": 1.2713579201089504, ""kind"": ""right_tube"", ""relative_speed"": 0.6457617451316894}"
0,0.0,0.016666666666666666,hydrodynamic:left_tube:6,149.36432872120668,4.917562618860811,0.0,-0.0,0.0,150.3543199895869,143.72,-0.95,0.29034775638392574,"{""depth"": 1.233499291943008, ""kind"": ""left_tube"", ""relative_speed"": 0.5998867788195407}"
0,0.0,0.016666666666666666,hydrodynamic:right_tube:7,173.73483630113725,5.160443624011141,0.0,0.0,0.0,-156.17213145278123,143.72,0.95,0.29034775638392574,"{""depth"": 1.272665426082014, ""kind"": ""right_tube"", ""relative_speed"": 0.6589090991569433}"
0,0.0,0.016666666666666666,hydrodynamic:floor:8,171.80869478825764,14.173126894773556,0.0,2.1826615417951283,-26.45853899739168,43.522462205702695,140.925,-0.34199999999999997,0.1363477563839257,"{""depth"": 1.2451249249761034, ""kind"": ""floor"", ""relative_speed"": 0.5907476494405154}"
0,0.0,0.016666666666666666,hydrodynamic:floor:9,180.74375331814002,14.561856258275064,0.0,2.24252586377436,-27.83453801099357,-77.4683591124494,140.925,0.34199999999999997,0.1363477563839257,"{""depth"": 1.25797466765606, ""kind"": ""floor"", ""relative_speed"": 0.6096851953538617}"
0,0.0,0.016666666666666666,hydrodynamic:floor:10,176.51690881837254,11.028060291855438,0.0,1.6983212849457376,-27.183603958029376,60.36878281588341,142.0,-0.34199999999999997,0.1363477563839257,"{""depth"": 1.2454739749343289, ""kind"": ""floor"", ""relative_speed"": 0.601335609573244}"
0,0.0,0.016666666666666666,hydrodynamic:floor:11,185.98107451476926,11.312259171855544,0.0,1.742087912465754,-28.641085475274473,-63.60552748405108,142.0,0.34199999999999997,0.1363477563839257,"{""depth"": 1.258804512079703, ""kind"": ""floor"", ""relative_speed"": 0.6211616723515689}"
0,0.0,0.016666666666666666,hydrodynamic:floor:12,181.3125904485064,7.83024197074966,0.0,1.2058572634954479,-27.92213892906999,70.42641605194498,143.075,-0.34199999999999997,0.1363477563839257,"{""depth"": 1.2458230248925544, ""kind"": ""floor"", ""relative_speed"": 0.6121649280907363}"
0,0.0,0.016666666666666666,hydrodynamic:floor:13,191.31754995941418,8.003200071882326,0.0,1.2324928110698783,-29.46290269374979,-56.827162008846244,143.075,0.34199999999999997,0.1363477563839257,"{""depth"": 1.259634356503346, ""kind"": ""floor"", ""relative_speed"": 0.6328798072275595}"
1,0.016666666666666666,0.016666666666666666,buoyancy:left_tube:0,5.901984436412829,-6.444617594230563e-05,1044.5883634098284,-992.3219279940224,1706.8784370255798,5.606781371373691,140.38002029571916,-0.9499233632284716,0.29573111441037225,"{""area_m2"": 0.301, ""kind"": ""left_tube"", ""submerged_depth"": 0.35376642471165387}"
1,0.016666666666666666,0.016666666666666666,buoyancy:right_tube:1,5.901690219997748,6.445581800514743e-05,1044.5362483362228,992.3464507769278,1706.7503426724682,-5.606920164539819,140.3800615006669,0.950076636244898,0.2957485312775147,"{""area_m2"": 0.301, ""kind"": ""right_tube"", ""submerged_depth"": 0.3537487751154726}"
1,0.016666666666666666,0.016666666666666666,buoyancy:left_tube:2,5.802139664440929,-0.0001288088975632627,1025.8003605708573,-974.4988629540649,529.3339396326486,5.512034218308314,141.4980202944136,-0.9499476095297766,0.295779398825935,"{""area_m2"": 0.301, ""kind"": ""left_tube"", ""submerged_depth"": 0.34740358150117595}"
1,0.016666666666666666,0.016666666666666666,buoyancy:right_tube:3,5.8018451232774755,0.0001288189755324379,1025.7482454990866,974.4723116947201,529.2648823382258,-5.511884259654727,141.4980614993613,0.950052389943593,0.2957968156930774,"{""area_m2"": 0.301, ""kind"": ""right_tube"", ""submerged_depth"": 0.34738593190499484}"
1,0.016666666666666666,0.016666666666666666,buoyancy:left_tube:4,5.702063812983218,-0.00019077478188566345,1007.0123590001209,-956.6748880336177,-606.2005938707122,5.416920222783019,142.61602029310802,-0.9499718558310818,0.2958276832414978,"{""area_m2"": 0.301, ""kind"": ""left_tube"", ""submerged_depth"": 0.34104073829069825}"
1,0.016666666666666666,0.016666666666666666,buoyancy:right_tube:5,5.7017689470714,0.00019077858275635962,1006.9602439301866,956.5990848903436,-606.2106141146875,-5.416491204990423,142.61606149805573,0.9500281436422879,0.2958451001086402,"{""area_m2"": 0.301, ""kind"": ""right_tube"", ""submerged_depth"": 0.34102308869451714}"
1,0.016666666666666666,0.016666666666666666,buoyancy:left_tube:6,5.60175688205105,-0.0002503436451262065,988.2243586997507,-938.8500032351446,-1699.7251677753297,5.321447407308515,143.73402029180244,-0.9499961021323867,0.2958759676570605,"{""area_m2"": 0.301, ""kind"": ""left_tube"", ""submerged_depth"": 0.3346778950802205}"
1,0.016666666666666666,0.016666666666666666,buoyancy:right_tube:7,5.6014616913908775,0.0002503348234461843,988.1722436316544,938.7267703660791,-1699.676150977103,-5.320749078557784,143.73406149675017,0.9500038973409828,0.29589338452420294,"{""area_m2"": 0.301, ""kind"": ""right_tube"", ""submerged_depth"": 0.3346602454840392}"
1,0.016666666666666666,0.016666666666666666,buoyancy:floor:8,9.921845850476728,-5.915347750159215e-05,1755.105790147881,-600.2027936772502,1885.2116103896415,3.3930895494407616,140.93904013166417,-0.3419340750089704,0.1417608301657315,"{""area_m2"": 0.354578, ""kind"": ""floor"", ""submerged_depth"": 0.5045793175200507}"
1,0.016666666666666666,0.016666666666666666,buoyancy:floor:9,9.921721054026449,5.9176077502248296e-05,1755.0836891876086,600.2820256045366,1885.1618987478234,-3.393537530416957,140.93905496544534,0.3420659248014426,0.14176710023790273,"{""area_m2"": 0.354578, ""kind"": ""floor"", ""submerged_depth"": 0.5045729636654255}"
1,0.016666666666666666,0.016666666666666666,buoyancy:floor:10,9.811793958011075,-9.677180211360953e-05,1733.824746630794,-592.9656307258509,-1.5097191334874496,3.3556196830571623,142.0140401304088,-0.34195738876022536,0.14180725748838802,"{""area_m2"": 0.354578, ""kind"": ""floor"", ""submerged_depth"": 0.4984611990484375}"
1,0.016666666666666666,0.016666666666666666,buoyancy:floor:11,9.811669029138393,9.679521469442944e-05,1733.802645671269,592.9629668908702,-1.5353572401818578,-3.3556046552238477,142.01405496419,0.34204261105018774,0.14181352756055923,"{""area_m2"": 0.354578, ""kind"": ""floor"", ""submerged_depth"": 0.4984548451938122}"
1,0.016666666666666666,0.016666666666666666,buoyancy:floor:12,9.70149039048741,-0.00013345422677243365,1712.5437044773212,-585.7274758113463,-1842.4767780859609,3.317978733540522,143.08904012915343,-0.34198070251148016,0.14185368481104452,"{""area_m2"": 0.354578, ""kind"": ""floor"", ""submerged_depth"": 0.4923430805768242}"
1,0.016666666666666666,0.016666666666666666,buoyancy:floor:13,9.70136532919234,0.0001334680880275671,1712.5216035185454,585.64490077627,-1842.478342660701,-3.317510980226325,143.08905496293463,0.3420192972989329,0.14185995488321573,"{""area_m2"": 0.354578, ""kind"": ""floor"", ""submerged_depth"": 0.4923367267221989}"
1,0.016666666666666666,0.016666666666666666,hydrodynamic:left_tube:0,124.16190995604197,11.55736176664811,-43.750548385688106,41.56238681510216,-71.49914065169044,99.06444729722878,140.38002029571916,-0.9499233632284716,0.29573111441037225,"{""depth"": 1.233744050295161, ""kind"": ""left_tube"", ""relative_speed"": 0.5275786675325218}"
1,0.016666666666666666,0.016666666666666666,hydrodynamic:right_tube:1,142.7924824955024,12.498237731162863,-43.89210249619708,-41.69827960526549,-71.72762440873024,-156.07978139057857,140.3800615006669,0.950076636244898,0.2957485312775147,"{""depth"": 1.2687607655450304, ""kind"": ""right_tube"", ""relative_speed"": 0.5764751919903255}"
1,0.016666666666666666,0.016666666666666666,hydrodynamic:left_tube:2,127.73442256004675,9.300224869991867,-44.14295492754969,41.93560143034076,-22.78263311310466,116.54716433855255,141.4980202944136,-0.9499476095297766,0.295779398825935,"{""depth"": 1.2336621859233892, ""kind"": ""left_tube"", ""relative_speed"": 0.5377723691052481}"
1,0.016666666666666666,0.016666666666666666,hydrodynamic:right_tube:3,147.59074046804875,10.018885711579024,-44.284509038058665,-42.07064312153014,-22.851898058960607,-145.38239364211933,141.4980614993613,0.950052389943593,0.2957968156930774,"{""depth"": 1.270067862959582, ""kind"": ""right_tube"", ""relative_speed"": 0.5892269218036131}"
1,0.016666666666666666,0.016666666666666666,hydrodynamic:left_tube:4,131.37240345351952,7.005484082083628,-44.53536146941126,42.30905369366954,26.811641577427565,129.0226554872181,142.61602029310802,-0.9499718558310818,0.2958276832414978,"{""depth"": 1.2335802861019476, ""kind"": ""left_tube"", ""relative_speed"": 0.5481904048202862}"
1,0.016666666666666666,0.016666666666666666,hydrodynamic:right_tube:5,152.48399979418915,7.486706042896673,-44.67691557992024,-42.4427463473258,26.901715976832453,-140.350657701639,142.61606149805573,0.9500281436422879,0.2958451001086402,"{""depth"": 1.2713749249244641, ""kind"": ""right_tube"", ""relative_speed"": 0.6022067290458749}"
1,0.016666666666666666,0.016666666666666666,hydrodynamic:left_tube:6,135.07593896384762,4.671803572399885,-44.92776801127284,42.68274913973171,77.2836929088627,136.36258646746722,143.73402029180244,-0.9499961021323867,0.2958759676570605,"{""depth"": 1.2334983508308366, ""kind"": ""left_tube"", ""relative_speed"": 0.5588202235473194}"
1,0.016666666666666666,0.016666666666666666,hydrodynamic:right_tube:7,157.4723454497758,4.900272264016102,-45.06932212178181,-42.8145815120109,77.53323146695703,-141.16428486007962,143.73406149675017,0.9500038973409828,0.29589338452420294,"{""depth"": 1.272681951439677, ""kind"": ""right_tube"", ""relative_speed"": 0.6154001773338629}"
1,0.016666666666666666,0.016666666666666666,hydrodynamic:floor:8,154.6070653461073,12.573312361197862,-51.822636562844046,19.658973634621383,-79.52652466065051,39.35547322709425,140.93904013166417,-0.3419340750089704,0.1417608301657315,"{""depth"": 1.2451307228572017, ""kind"": ""floor"", ""relative_speed"": 0.5482960078874463}"
1,0.016666666666666666,0.016666666666666666,hydrodynamic:floor:9,162.76241937892766,12.925492689189376,-51.882666830028704,-15.75406941860269,-80.84559581394463,-69.56349455022132,140.93905496544534,0.3420659248014426,0.14176710023790273,"{""depth"": 1.257986756443377, ""kind"": ""floor"", ""relative_speed"": 0.5663591614532331}"
1,0.016666666666666666,0.016666666666666666,hydrodynamic:floor:10,159.11975144380867,9.915419358750231,-52.267112434298795,19.402284335481756,-24.50498057475782,54.41872278103335,142.0140401304088,-0.34195738876022536,0.14180725748838802,"{""depth"": 1.2454793645769289, ""kind"": ""floor"", ""relative_speed"": 0.5589921735869003}"
1,0.016666666666666666,0.016666666666666666,hydrodynamic:floor:11,167.7805403849146,10.173995822430742,-52.32714270148345,-16.32919320144951,-25.836941062767362,-57.38103849765018,142.01405496419,0.34204261105018774,0.14181352756055923,"{""depth"": 1.258816192627601, ""kind"": ""floor"", ""relative_speed"": 0.5779414998863794}"
1,0.016666666666666666,0.016666666666666666,hydrodynamic:floor:12,163.71331946468135,7.21069898527613,-52.711588305753544,19.138653170986874,31.460153342920773,63.745036802944924,143.08904012915343,-0.34198070251148016,0.14185368481104452,"{""depth"": 1.2458279735214441, ""kind"": ""floor"", ""relative_speed"": 0.5698912371679807}"
1,0.016666666666666666,0.016666666666666666,hydrodynamic:floor:13,172.89112263183415,7.3696849265290805,-52.7716185729382,-16.912171513123113,30.11356831827377,-51.202462262782014,143.08905496293463,0.3420192972989329,0.14185995488321573,"{""depth"": 1.2596455960366129, ""kind"": ""floor"", ""relative_speed"": 0.5897276723907929}"
2,0.03333333333333333,0.016666666666666666,buoyancy:left_tube:0,5.725246909794879,-6.335338978332583e-05,1013.2932585119626,-962.524713905453,1655.7802881574803,5.438501141589631,140.3946634072558,-0.9497779650960737,0.30624699258039173,"{""area_m2"": 0.301, ""kind"": ""left_tube"", ""submerged_depth"": 0.34316784100599346}"
2,0.03333333333333333,0.016666666666666666,buoyancy:right_tube:1,5.724416514153072,6.338071144244793e-05,1013.1461718520465,962.5927254542061,1655.4194547401805,-5.438886084505831,140.3947826067717,0.9502220305293834,0.30629613256150945,"{""area_m2"": 0.301, ""kind"": ""right_tube"", ""submerged_depth"": 0.34311802777590217}"
2,0.03333333333333333,0.016666666666666666,buoyancy:left_tube:2,5.623754697105303,-0.00012566552776412216,994.2482908799361,-944.5036866822492,513.090880900852,5.342449739136991,141.51266339686723,-0.9498481080997532,0.3063823026261729,"{""area_m2"": 0.301, ""kind"": ""left_tube"", ""submerged_depth"": 0.33671797221659877}"
2,0.03333333333333333,0.016666666666666666,buoyancy:right_tube:3,5.622923384443208,0.00012569389264273674,994.1012042252004,944.4283245725292,512.8967554217822,-5.34202408827993,141.51278259638312,0.950151887525704,0.3064314426072906,"{""area_m2"": 0.301, ""kind"": ""right_tube"", ""submerged_depth"": 0.3366681589865076}"
2,0.03333333333333333,0.016666666666666666,buoyancy:left_tube:4,5.522028244432216,-0.00018555405580502542,975.2033245352327,-926.4799889228354,-587.0140073783,5.24602369084564,142.63066338647866,-0.9499182511034325,0.30651761267195404,"{""area_m2"": 0.301, ""kind"": ""left_tube"", ""submerged_depth"": 0.3302681034272041}"
2,0.03333333333333333,0.016666666666666666,buoyancy:right_tube:5,5.521196014749865,0.00018556464182765294,975.0562378856827,926.2665966396088,-587.0414249426669,-5.244815949201018,142.63078258599455,0.9500817445220247,0.30656675265307176,"{""area_m2"": 0.301, ""kind"": ""right_tube"", ""submerged_depth"": 0.3302182901971129}"
2,0.03333333333333333,0.016666666666666666,buoyancy:left_tube:6,5.420067551787165,-0.00024301843497468088,956.1583594800139,-908.4536206305206,-1644.5343810964325,5.149231077150258,143.74866337609006,-0.949988394107112,0.30665292271773514,"{""area_m2"": 0.301, ""kind"": ""left_tube"", ""submerged_depth"": 0.32381823463780957}"
2,0.03333333333333333,0.016666666666666666,buoyancy:right_tube:7,5.41923440508459,0.00024299349791499482,956.0112728356552,908.107541658219,-1644.3950907696412,-5.1472699075608865,143.748782575606,0.9500116015183452,0.3067020626988529,"{""area_m2"": 0.301, ""kind"": ""right_tube"", ""submerged_depth"": 0.32376842140771833}"
2,0.03333333333333333,0.016666666666666666,buoyancy:floor:8,9.712518916692362,-5.840194820222321e-05,1718.0527644886251,-587.4513378331882,1845.4144673797655,3.321050508503744,140.9537201845706,-0.3418090562423294,0.1523303735766366,"{""area_m2"": 0.354578, ""kind"": ""floor"", ""submerged_depth"": 0.49392685992551544}"
2,0.03333333333333333,0.016666666666666666,buoyancy:floor:9,9.712166694496094,5.846659218069308e-05,1717.9903879782712,587.6754311624849,1845.2739164550758,-3.3223175615692924,140.95376309639636,0.34219094218283513,0.152348063969839,"{""area_m2"": 0.354578, ""kind"": ""floor"", ""submerged_depth"": 0.49390892716268253}"
2,0.03333333333333333,0.016666666666666666,buoyancy:floor:10,9.600599042156524,-9.517713442817184e-05,1696.4806589384605,-580.1896437081461,-1.473797752160375,3.2833666378885447,142.0287201745816,-0.34187650143817494,0.15246047938988772,"{""area_m2"": 0.354578, ""kind"": ""floor"", ""submerged_depth"": 0.4877250630126361}"
2,0.03333333333333333,0.016666666666666666,buoyancy:floor:11,9.600246446027597,9.524389287839863e-05,1696.4182824302188,580.1818206447828,-1.5463701985589893,-3.283322498996761,142.02876308640734,0.3421234969869896,0.15247816978309012,"{""area_m2"": 0.354578, ""kind"": ""floor"", ""submerged_depth"": 0.48770713024980306}"
2,0.03333333333333333,0.016666666666666666,buoyancy:floor:12,9.488424050378699,-0.00013101302917959415,1674.9085547727152,-572.9250400327899,-1801.9820277362285,3.2455023471564837,143.1037201645926,-0.3419439466340205,0.1525905852031388,"{""area_m2"": 0.354578, ""kind"": ""floor"", ""submerged_depth"": 0.4815232660997564}"
2,0.03333333333333333,0.016666666666666666,buoyancy:floor:13,9.488071080317138,0.00013105257909887133,1674.8461782665893,572.6911203116305,-1801.9866217135032,-3.244177269588075,143.10376307641832,0.342056051791144,0.15260827559634121,"{""area_m2"": 0.354578, ""kind"": ""floor"", ""submerged_depth"": 0.48150533333692364}"
2,0.03333333333333333,0.016666666666666666,hydrodynamic:left_tube:0,112.19186485748222,10.25157580493508,-85.46253410790112,81.18292512012744,-139.67581669111726,89.81908412867386,140.3946634072558,-0.9497779650960737,0.30624699258039173,"{""depth"": 1.233745665207885, ""kind"": ""left_tube"", ""relative_speed"": 0.49012078543307064}"
2,0.03333333333333333,0.016666666666666666,hydrodynamic:right_tube:1,129.2704138805186,11.108069040028631,-85.72037252501634,-81.44121766491759,-140.0843669431923,-140.97006788420603,140.3947826067717,0.9502220305293834,0.30629613256150945,"{""depth"": 1.2687806636764196, ""kind"": ""right_tube"", ""relative_speed"": 0.5368572700649524}"
2,0.03333333333333333,0.016666666666666666,hydrodynamic:left_tube:2,115.62612450275695,8.349939678702924,-86.16978828805799,81.85923566909126,-44.47880791765086,105.53200829138086,141.51266339686723,-0.9498481080997532,0.3063823026261729,"{""depth"": 1.2336630270357698, ""kind"": ""left_tube"", ""relative_speed"": 0.5004334755989559}"
2,0.03333333333333333,0.016666666666666666,hydrodynamic:right_tube:3,133.87852074322973,9.00626772605225,-86.42762670517322,-82.10870199778981,-44.596575325283354,-131.835625887588,141.51278259638312,0.950151887525704,0.3064314426072906,"{""depth"": 1.2700869872717166, ""kind"": ""right_tube"", ""relative_speed"": 0.5497212587633639}"
2,0.03333333333333333,0.016666666666666666,hydrodynamic:left_tube:4,119.12118959822176,6.41499960888936,-86.87704246821487,82.53616166508574,52.30055350386172,117.03107637910189,142.63066338647866,-0.9499182511034325,0.30651761267195404,"{""depth"": 1.2335802863100216, ""kind"": ""left_tube"", ""relative_speed"": 0.510933461399728}"
2,0.03333333333333333,0.016666666666666666,hydrodynamic:right_tube:5,138.5767196794176,6.857576432704911,-87.13488088533009,-82.77551375467752,52.473892448667996,-127.5139797612791,142.63078258599455,0.9500817445220247,0.30656675265307176,"{""depth"": 1.271393208313381, ""kind"": ""right_tube"", ""relative_speed"": 0.562777784900251}"
2,0.03333333333333333,0.016666666666666666,hydrodynamic:left_tube:6,122.6771215693826,4.445775624033047,-87.58429664837173,83.21371680710739,150.6622922674604,124.20297262970078,143.74866337609006,-0.949988394107112,0.30665292271773514,"{""depth"": 1.233497443030641, ""kind"": ""left_tube"", ""relative_speed"": 0.5216094183652006}"
2,0.03333333333333333,0.016666666666666666,hydrodynamic:right_tube:7,143.36507159734387,4.660930093259923,-87.84213506548696,-83.44163365364209,151.1270729639228,-128.16426937114875,143.748782575606,0.9500116015183452,0.3067020626988529,"{""depth"": 1.272699326801413, ""kind"": ""right_tube"", ""relative_speed"": 0.5760137407706591}"
2,0.03333333333333333,0.016666666666666666,hydrodynamic:floor:8,139.72772478467343,11.195673982919034,-101.18864718718879,36.32497909213906,-130.3155645495615,35.74152048013923,140.9537201845706,-0.3418090562423294,0.1523303735766366,"{""depth"": 1.2451378410405007, ""kind"": ""floor"", ""relative_speed"": 0.5098854803155424}"
2,0.03333333333333333,0.016666666666666666,hydrodynamic:floor:9,147.21107532312908,11.516270672332357,-101.29799130311902,-32.87624621255261,-131.5796344707973,-62.73623160062009,140.95376309639636,0.34219094218283513,0.152348063969839,"{""depth"": 1.2580004619435738, ""kind"": ""floor"", ""relative_speed"": 0.5271698401757956}"
2,0.03333333333333333,0.016666666666666666,hydrodynamic:floor:10,144.06148588960176,8.951317583464428,-101.98974855663572,36.2586699012852,-22.18703023976079,49.268429225113195,142.0287201745816,-0.34187650143817494,0.15246047938988772,"{""depth"": 1.24548570950085, ""kind"": ""floor"", ""relative_speed"": 0.5206776367616058}"
2,0.03333333333333333,0.016666666666666666,hydrodynamic:floor:11,152.02891932747048,9.187616691472106,-102.09909267256593,-33.503484453865426,-23.4070150515261,-51.994127258657,142.02876308640734,0.3421234969869896,0.15247816978309012,"{""depth"": 1.2588291248618737, ""kind"": ""floor"", ""relative_speed"": 0.5388460903854685}"
2,0.03333333333333333,0.016666666666666666,hydrodynamic:floor:12,148.47095115928678,6.665566859162045,-102.79084992608264,36.18668307246162,87.65335043202573,57.9519531853849,143.1037201645926,-0.3419439466340205,0.1525905852031388,"{""depth"": 1.2458334831446012, ""kind"": ""floor"", ""relative_speed"": 0.5316394953291721}"
2,0.03333333333333333,0.016666666666666666,hydrodynamic:floor:13,156.93395035018852,6.812224886509807,-102.90019404201284,-34.137199822049546,86.47581126907319,-46.3380365095608,143.10376307641832,0.342056051791144,0.15260827559634121,"{""depth"": 1.2596576929635752, ""kind"": ""floor"", ""relative_speed"": 0.5506934897762917}"
3,0.05,0.016666666666666666,buoyancy:left_tube:0,5.467959696197491,-6.133283328347643e-05,967.7424819587651,-919.1637479792884,1581.4002933560546,5.193579297814974,140.40987332272306,-0.9495705978256069,0.3215875788159261,"{""area_m2"": 0.301, ""kind"": ""left_tube"", ""submerged_depth"": 0.32774134787815506}"
3,0.05,0.016666666666666666,buoyancy:right_tube:1,5.466401167813729,6.1383521300183e-05,967.4664302382457,919.2846483403093,1580.7269881235864,-5.1942636444676795,140.41010352145815,0.9504293859927377,0.32167976792721287,"{""area_m2"": 0.301, ""kind"": ""right_tube"", ""submerged_depth"": 0.3276478585848924}"
3,0.05,0.016666666666666666,buoyancy:left_tube:2,5.3642549139485345,-0.0001206710495609713,948.356156772477,-900.8790474476638,489.46004768625585,5.095769017041856,141.5278732863589,-0.9497060637790039,0.321838495704122,"{""area_m2"": 0.301, ""kind"": ""left_tube"", ""submerged_depth"": 0.32117587239305806}"
3,0.05,0.016666666666666666,buoyancy:right_tube:3,5.3626946633927455,0.00012072306941351286,948.080105061686,900.7353687194936,489.09982102847886,-5.09495745644666,141.52810348509396,0.9502939200393408,0.32193068481540876,"{""area_m2"": 0.301, ""kind"": ""right_tube"", ""submerged_depth"": 0.3210823830997954}"
3,0.05,0.016666666666666666,buoyancy:left_tube:4,5.260311693245195,-0.00017754997363677872,928.9698328990158,-882.589095759713,-559.1324291308689,4.997572905375653,142.6458732499947,-0.9498415297324008,0.3220894125923178,"{""area_m2"": 0.301, ""kind"": ""left_tube"", ""submerged_depth"": 0.3146103969079612}"
3,0.05,0.016666666666666666,buoyancy:right_tube:5,5.258749720517439,0.00017756865322072446,928.6937811979641,882.1913426904971,-559.1795772589156,-4.995321685117669,142.6461034487298,0.9501584540859438,0.3221816017036046,"{""area_m2"": 0.301, ""kind"": ""right_tube"", ""submerged_depth"": 0.3145169076146986}"
3,0.05,0.016666666666666666,buoyancy:left_tube:6,5.156130034099265,-0.00023196854603345124,909.5835103405808,-864.2938929199108,-1564.3771416818356,4.8989991162146485,143.76387321363052,-0.9499769956857976,0.3223403294805137,"{""area_m2"": 0.301, ""kind"": ""left_tube"", ""submerged_depth"": 0.3080449214228643}"
3,0.05,0.016666666666666666,buoyancy:right_tube:7,5.154566339199602,0.0002319213321864032,909.3074586492792,863.652570256752,-1564.1112113250692,-4.895364790326395,143.7641034123656,0.9500229881325469,0.3224325185918005,"{""area_m2"": 0.301, ""kind"": ""right_tube"", ""submerged_depth"": 0.3079514321296017}"
3,0.05,0.016666666666666666,buoyancy:floor:8,9.407900600464966,-5.706173967407866e-05,1664.1439522996852,-568.9080435679426,1787.5148840797135,3.2162676287738043,140.9689815318327,-0.3416308679981375,0.1677425418354406,"{""area_m2"": 0.354578, ""kind"": ""floor"", ""submerged_depth"": 0.47842849428326906}"
3,0.05,0.016666666666666666,buoyancy:floor:9,9.40723953873567,5.7183865689329206e-05,1664.0268842867295,569.3263743489985,1787.2515488693489,-3.2186329630540813,140.96906440337733,0.34236912617646653,0.16777572991550382,"{""area_m2"": 0.354578, ""kind"": ""floor"", ""submerged_depth"": 0.47839483813769457}"
3,0.05,0.016666666666666666,buoyancy:floor:10,9.293471983290447,-9.261503955664109e-05,1642.185193688923,-561.6150819127189,-1.4200636427664215,3.1782979883684583,142.04398149686713,-0.3417611237225576,0.1679838080740905,"{""area_m2"": 0.354578, ""kind"": ""floor"", ""submerged_depth"": 0.47211553708606047}"
3,0.05,0.016666666666666666,buoyancy:floor:11,9.292810219312386,9.2740695141675e-05,1642.0681256799344,561.5995714159109,-1.5557348360761505,-3.178210459431656,142.04406436841177,0.34223887045204643,0.16801699615415375,"{""area_m2"": 0.354578, ""kind"": ""floor"", ""submerged_depth"": 0.47208188094048587}"
3,0.05,0.016666666666666666,buoyancy:floor:12,9.178783676205173,-0.00012722468040944716,1620.2264364903792,-554.3164000703596,-1743.1436986874573,3.140134266997482,143.11898146190157,-0.34189137944697773,0.1682250743127404,"{""area_m2"": 0.354578, ""kind"": ""floor"", ""submerged_depth"": 0.465802579888852}"
3,0.05,0.016666666666666666,buoyancy:floor:13,9.178121209978377,0.00012729908208460416,1620.1093684853627,553.8784893029898,-1743.1517058813213,-3.1376536101157577,143.1190643334462,0.3421086147276263,0.16825826239280361,"{""area_m2"": 0.354578, ""kind"": ""floor"", ""submerged_depth"": 0.4657689237432774}"
3,0.05,0.016666666666666666,hydrodynamic:left_tube:0,101.76073681016126,9.119463329093152,-124.67292982019293,118.4183631789424,-203.77191926536352,81.75029943069693,140.40987332272306,-0.9495705978256069,0.3215875788159261,"{""depth"": 1.233748385034606, ""kind"": ""left_tube"", ""relative_speed"": 0.4560547703266732}"
3,0.05,0.016666666666666666,hydrodynamic:right_tube:1,117.4924390696589,9.902542063926761,-125.02283674086745,-118.79327194802171,-204.31059015614295,-127.8206917707984,140.41010352145815,0.9504293859927377,0.32167976792721287,"{""depth"": 1.2688024093822674, ""kind"": ""right_tube"", ""relative_speed"": 0.5008585568002943}"
3,0.05,0.016666666666666666,hydrodynamic:left_tube:2,105.06761541925462,7.5216873795090455,-125.61246060477609,119.3252007009076,-64.84749617248742,95.92560837914851,141.5278732863589,-0.9497060637790039,0.321838495704122,"{""depth"": 1.2336646448401647, ""kind"": ""left_tube"", ""relative_speed"": 0.4664733578651069}"
3,0.05,0.016666666666666666,hydrodynamic:right_tube:3,121.92613074796859,8.123502625767747,-125.96236752545062,-119.67155732768617,-64.99058120569383,-120.0282385893415,141.52810348509396,0.9502939200393408,0.32193068481540876,"{""depth"": 1.2701076308994126, ""kind"": ""right_tube"", ""relative_speed"": 0.5138225021309047}"
3,0.05,0.016666666666666666,hydrodynamic:left_tube:4,108.43163227816353,5.894594641605233,-126.55199138935927,120.23309719929875,76.1793822758979,106.5658265325195,142.6458732499947,-0.9498415297324008,0.3220894125923178,"{""depth"": 1.2335807065856947, ""kind"": ""left_tube"", ""relative_speed"": 0.4770471984817187}"
3,0.05,0.016666666666666666,hydrodynamic:right_tube:5,126.44602520623005,6.303022623375669,-126.90189831003379,-120.54868786722258,76.43245910725288,-116.31935457466999,142.6461034487298,0.9501584540859438,0.3221816017036046,"{""depth"": 1.2714126543565296, ""kind"": ""right_tube"", ""relative_speed"": 0.5269481129000358}"
3,0.05,0.016666666666666666,hydrodynamic:left_tube:6,111.8528287742321,4.237473425462215,-127.49152217394244,121.14207498427349,219.30875910472042,113.57146390874193,143.76387321363052,-0.9499769956857976,0.3223403294805137,"{""depth"": 1.2334965702711969, ""kind"": ""left_tube"", ""relative_speed"": 0.48776616746211066}"
3,0.05,0.016666666666666666,hydrodynamic:right_tube:7,131.05216346969877,4.440312616239172,-127.84142909461697,-121.42463203108528,219.9585956896178,-116.83439323601766,143.7641034123656,0.9500229881325469,0.3224325185918005,"{""depth"": 1.2727174797536178, ""kind"": ""right_tube"", ""relative_speed"": 0.5402235748337048}"
3,0.05,0.016666666666666666,hydrodynamic:floor:8,126.78409789967637,10.001740440170206,-147.55003170968803,51.98463631640955,-178.17473604839938,32.59076058030471,140.9689815318327,-0.3416308679981375,0.1677425418354406,"{""depth"": 1.2451461508689907, ""kind"": ""floor"", ""relative_speed"": 0.4750175185021834}"
3,0.05,0.016666666666666666,hydrodynamic:floor:9,133.68442471545467,10.294849549527976,-147.6984202366077,-48.94548110931532,-179.3820076255826,-56.80466488048555,140.96906440337733,0.34236912617646653,0.16777572991550382,"{""depth"": 1.2580156282012753, ""kind"": ""floor"", ""relative_speed"": 0.49160507349093024}"
3,0.05,0.016666666666666666,hydrodynamic:floor:10,130.9538694080682,8.110842569238,-148.6142310022255,52.07416103582695,-20.17008969921136,44.78518925662653,142.04398149686713,-0.3417611237225576,0.1679838080740905,"{""depth"": 1.2454929179731973, ""kind"": ""floor"", ""relative_speed"": 0.48589535709916076}"
3,0.05,0.016666666666666666,hydrodynamic:floor:11,138.31895256809332,8.327642778529952,-148.76261952914516,-49.595607637428884,-21.28751698364007,-47.30548144246822,142.04406436841177,0.34223887045204643,0.16801699615415375,"{""depth"": 1.2588431897441081, ""kind"": ""floor"", ""relative_speed"": 0.503365147427378}"
3,0.05,0.016666666666666666,hydrodynamic:floor:12,135.1952627948928,6.183539739030544,-149.678430294763,52.15927722657954,140.11358342714436,52.90064231262752,143.11898146190157,-0.34189137944697773,0.1682250743127404,"{""depth"": 1.2458395019597743, ""kind"": ""floor"", ""relative_speed"": 0.49691416827938373}"
3,0.05,0.016666666666666666,hydrodynamic:floor:13,143.03649810871957,6.3192622419919156,-149.82681882168265,-50.25083783093368,139.08447505639433,-42.107231858157725,143.1190643334462,0.3421086147276263,0.16825826239280361,"{""depth"": 1.2596705681693112, ""kind"": ""floor"", ""relative_speed"": 0.5152680435267302}"
4,0.06666666666666667,0.016666666666666666,buoyancy:left_tube:0,5.1361082963738784,-5.84098712875799e-05,908.996108831626,-863.2562713844721,1485.4648603737812,4.87775956364094,140.4256007652087,-0.9493071595745706,0.34139414019728087,"{""area_m2"": 0.301, ""kind"": ""left_tube"", ""submerged_depth"": 0.30784595656801195}"
4,0.06666666666666667,0.016666666666666666,buoyancy:right_tube:1,5.1336773058376375,5.848668989444611e-05,908.5655403993778,863.4271202327972,1484.4249511949308,-4.878726777968261,140.42597170149884,0.9506927987806271,0.34153786394612506,"{""area_m2"": 0.301, ""kind"": ""right_tube"", ""submerged_depth"": 0.3077001377395472}"
4,0.06666666666666667,0.016666666666666666,buoyancy:left_tube:2,5.029809987401525,-0.00011392295237824819,889.2154436907653,-844.6650628697279,458.99880023246897,4.777871425732052,141.54360067779,-0.9495254553672585,0.34177860755636946,"{""area_m2"": 0.301, ""kind"": ""left_tube"", ""submerged_depth"": 0.3011469309003826}"
4,0.06666666666666667,0.016666666666666666,buoyancy:right_tube:3,5.027376308655653,0.00011400044555077406,888.7848752737028,844.4351597841315,458.44758768566464,-4.776572709359495,141.54397161408014,0.9504745029879391,0.34192233130521366,"{""area_m2"": 0.301, ""kind"": ""right_tube"", ""submerged_depth"": 0.3010011120719177}"
4,0.06666666666666667,0.016666666666666666,buoyancy:left_tube:4,4.923268389859137,-0.00016693522526513605,869.4347798924227,-826.065219516232,-523.2377786895934,4.67758310392536,142.66160059037134,-0.9497437511599462,0.34216307491545805,"{""area_m2"": 0.301, ""kind"": ""left_tube"", ""submerged_depth"": 0.2944479052327531}"
4,0.06666666666666667,0.016666666666666666,buoyancy:right_tube:5,4.920832022903738,0.00016696100524567258,869.0042114905642,825.4518366406903,-523.3002946758244,-4.674111364081777,142.66197152666143,0.9502562071952513,0.34230679866430225,"{""area_m2"": 0.301, ""kind"": ""right_tube"", ""submerged_depth"": 0.29430208640428845}"
4,0.06666666666666667,0.016666666666666666,buoyancy:left_tube:6,4.816483503758811,-0.00021744494793593104,849.654117438844,-807.4567413298831,-1461.2448811796328,4.576902829611749,143.77960050295263,-0.9499620469526342,0.3425475422745466,"{""area_m2"": 0.301, ""kind"": ""left_tube"", ""submerged_depth"": 0.2877488795651238}"
4,0.06666666666666667,0.016666666666666666,buoyancy:right_tube:7,4.814044448593972,0.0002173701109794782,849.2235490522048,806.4771508066676,-1460.8187006768708,-4.57135146189521,143.77997143924273,0.9500379114025632,0.3426912660233908,"{""area_m2"": 0.301, ""kind"": ""right_tube"", ""submerged_depth"": 0.28760306073665903}"
4,0.06666666666666667,0.016666666666666666,buoyancy:floor:8,9.015168183273422,-5.515968290108399e-05,1594.6498311149717,-545.0169622354252,1712.8785506522781,3.081249540340361,140.98477238221685,-0.34140468194923074,0.18763237502301855,"{""area_m2"": 0.354578, ""kind"": ""floor"", ""submerged_depth"": 0.4584494730337154}"
4,0.06666666666666667,0.016666666666666666,buoyancy:floor:9,9.014137072209582,5.535009675148072e-05,1594.4672356552187,545.6610273015546,1712.4699631485755,-3.0848912855934434,140.9849059192813,0.3425953030586403,0.18768411557260245,"{""area_m2"": 0.354578, ""kind"": ""floor"", ""submerged_depth"": 0.4583969782554681}"
4,0.06666666666666667,0.016666666666666666,buoyancy:floor:10,8.897798902232973,-8.914261007869177e-05,1572.2444066889418,-537.6892899185393,-1.348782483700236,3.0429435989668923,142.0597722981604,-0.3416145817498922,0.1880020551759883,"{""area_m2"": 0.354578, ""kind"": ""floor"", ""submerged_depth"": 0.4520081021994564}"
4,0.06666666666666667,0.016666666666666666,buoyancy:floor:11,8.896766694999968,8.933769871049039e-05,1572.0618112353827,537.6634384024175,-1.558094214062652,-3.042797680418319,142.05990583522484,0.34238540325797884,0.1880537957255722,"{""area_m2"": 0.354578, ""kind"": ""floor"", ""submerged_depth"": 0.4519556074212091}"
4,0.06666666666666667,0.016666666666666666,buoyancy:floor:12,8.780164648888958,-0.00012217696047341954,1549.8389837074933,-530.3522121368649,-1667.4045044868155,3.0044256693756872,143.13477221410395,-0.3418244815505537,0.1883717353289581,"{""area_m2"": 0.354578, ""kind"": ""floor"", ""submerged_depth"": 0.4455667313651974}"
4,0.06666666666666667,0.016666666666666666,buoyancy:floor:13,8.779131345486821,0.0001222922741875989,1549.656388260134,529.6752556014752,-1667.4145404718743,-3.0005908165771595,143.1349057511684,0.34217550345731734,0.188423475878542,"{""area_m2"": 0.354578, ""kind"": ""floor"", ""submerged_depth"": 0.4455142365869501}"
4,0.06666666666666667,0.016666666666666666,hydrodynamic:left_tube:0,92.6214991184409,8.131752977293093,-160.96790356178516,152.8733023005263,-263.11008952833555,74.672080050852,140.4256007652087,-0.9493071595745706,0.34139414019728087,"{""depth"": 1.2337521065447388, ""kind"": ""left_tube"", ""relative_speed"": 0.42497265497859316}"
4,0.06666666666666667,0.016666666666666666,hydrodynamic:right_tube:1,107.17715323200197,8.850515617432286,-161.3867938748066,-153.3646036930101,-263.72859083622984,-116.31258786200331,140.42597170149884,0.9506927987806271,0.34153786394612506,"{""depth"": 1.2688258343107894, ""kind"": ""right_tube"", ""relative_speed"": 0.46804003192151616}"
4,0.06666666666666667,0.016666666666666666,hydrodynamic:left_tube:2,95.81080358544537,6.79532330020102,-162.05325908925425,153.93595971682453,-83.6734173021912,87.50296142550685,141.54360067779,-0.9495254553672585,0.34177860755636946,"{""depth"": 1.233666967983437, ""kind"": ""left_tube"", ""relative_speed"": 0.4354858242940764}"
4,0.06666666666666667,0.016666666666666666,hydrodynamic:right_tube:3,111.45049574091247,7.349141538829966,-162.4721494022757,-154.3641319713901,-83.81725658402442,-109.67999118875376,141.54397161408014,0.9504745029879391,0.34192233130521366,"{""depth"": 1.2701296573464753, ""kind"": ""right_tube"", ""relative_speed"": 0.4810932869717632}"
4,0.06666666666666667,0.016666666666666666,hydrodynamic:left_tube:4,99.0543581633338,5.433274409308058,-163.1386146167233,155.00012208005785,98.19256939294078,97.38310466636034,142.66160059037134,-0.9497437511599462,0.34216307491545805,"{""depth"": 1.233581510259513, ""kind"": ""left_tube"", ""relative_speed"": 0.44612648575732594}"
4,0.06666666666666667,0.016666666666666666,hydrodynamic:right_tube:5,115.80695165331274,5.811336508950978,-163.5575049297448,-155.3620217740614,98.52424153815426,-106.50348713722853,142.66197152666143,0.9502562071952513,0.34230679866430225,"{""depth"": 1.271433161219539, ""kind"": ""right_tube"", ""relative_speed"": 0.49428133015560394}"
4,0.06666666666666667,0.016666666666666666,hydrodynamic:left_tube:6,102.35218781382012,4.0450963888361064,-164.22397014419238,156.06581920444657,282.48793314221246,104.22576522626987,143.77960050295263,-0.9499620469526342,0.3425475422745466,"{""depth"": 1.2334957333729666, ""kind"": ""left_tube"", ""relative_speed"": 0.4568856842764081}"
4,0.06666666666666667,0.016666666666666666,hydrodynamic:right_tube:7,120.24654519809435,4.236521214097437,-164.64286045721389,-156.35823069720126,283.29599940955063,-106.90623021477253,143.77997143924273,0.9500379114025632,0.3426912660233908,"{""depth"": 1.272736345929981, ""kind"": ""right_tube"", ""relative_speed"": 0.5075936037581978}"
4,0.06666666666666667,0.016666666666666666,hydrodynamic:floor:8,115.46838580619205,8.960995621104232,-190.41743328320595,66.46411370037447,-222.52915782978133,29.831413102246458,140.98477238221685,-0.34140468194923074,0.18763237502301855,"{""depth"": 1.245155539942696, ""kind"": ""floor"", ""relative_speed"": 0.4432790194619528}"
4,0.06666666666666667,0.016666666666666666,hydrodynamic:floor:9,121.85989662825348,9.230026585511208,-190.59507628715215,-63.8011414567695,-223.67519066229616,-51.62425310607067,140.9849059192813,0.3425953030586403,0.18768411557260245,"{""depth"": 1.2580321187138372, ""kind"": ""floor"", ""relative_speed"": 0.45924055612010684}"
4,0.06666666666666667,0.016666666666666666,hydrodynamic:floor:10,119.48760300290375,7.374108096348288,-191.64680714028154,66.67677940396058,-18.40682704828804,40.86326681579102,142.0597722981604,-0.3416145817498922,0.1880020551759883,"{""depth"": 1.2455009093724865, ""kind"": ""floor"", ""relative_speed"": 0.45423361172539284}"
4,0.06666666666666667,0.016666666666666666,hydrodynamic:floor:11,126.32632350236729,7.573736519089072,-191.8244501442277,-64.44003371002765,-19.4280174449251,-43.20416518301655,142.05990583522484,0.34238540325797884,0.1880537957255722,"{""depth"": 1.2588582825425847, ""kind"": ""floor"", ""relative_speed"": 0.47107571036885154}"
4,0.06666666666666667,0.016666666666666666,hydrodynamic:floor:12,123.57521751030036,5.755405074302785,-192.87618099735707,66.88624583205096,188.35111929937884,48.474204106299084,143.13477221410395,-0.3418244815505537,0.1883717353289581,"{""depth"": 1.2458459837184916, ""kind"": ""floor"", ""relative_speed"": 0.465304273218731}"
4,0.06666666666666667,0.016666666666666666,hydrodynamic:floor:13,130.87246453218577,5.881378135306051,-193.05382400130324,-65.08272553119137,187.45336720897578,-38.409249813131915,143.1349057511684,0.34217550345731734,0.188423475878542,"{""depth"": 1.2596841512875474, ""kind"": ""floor"", ""relative_speed"": 0.48302909099128316}"
